"UniprotID.TF","Name.TF","total_targets","deg_targets","prop_deg","contrast","index"
"G5ED89","dcp-66",1,1,1,"RB2060_UN_vs_N2",1
"Q21148","zip-2",196,36,0.183673469387755,"RB2060_UN_vs_N2",6.61224489795918
"Q17561","aly-1",7,1,0.142857142857143,"RB2060_UN_vs_N2",0.142857142857143
"Q9XVS4","dao-5",11,1,0.0909090909090909,"RB2060_UN_vs_N2",0.0909090909090909
"H2KZM4","peb-1",14,1,0.0714285714285714,"RB2060_UN_vs_N2",0.0714285714285714
"Q18909","cebp-1",956,39,0.0407949790794979,"RB2060_UN_vs_N2",1.59100418410042
"Q20060","smc-4",50,2,0.04,"RB2060_UN_vs_N2",0.08
"P91306","cey-2",82,3,0.0365853658536585,"RB2060_UN_vs_N2",0.109756097560976
"Q9BKT9","npp-13",56,2,0.0357142857142857,"RB2060_UN_vs_N2",0.0714285714285714
"P91437","-",57,2,0.0350877192982456,"RB2060_UN_vs_N2",0.0701754385964912
"O17894","unc-39",58,2,0.0344827586206897,"RB2060_UN_vs_N2",0.0689655172413793
"O61845","chd-7",29,1,0.0344827586206897,"RB2060_UN_vs_N2",0.0344827586206897
"Q9NAD6","sta-1",272,9,0.0330882352941176,"RB2060_UN_vs_N2",0.297794117647059
"Q94361","gei-17",33,1,0.0303030303030303,"RB2060_UN_vs_N2",0.0303030303030303
"G5EFF5","daf-12",35,1,0.0285714285714286,"RB2060_UN_vs_N2",0.0285714285714286
"Q09249","-",35,1,0.0285714285714286,"RB2060_UN_vs_N2",0.0285714285714286
"G5EGE2","cog-1",36,1,0.0277777777777778,"RB2060_UN_vs_N2",0.0277777777777778
"Q23175","ceh-32",38,1,0.0263157894736842,"RB2060_UN_vs_N2",0.0263157894736842
"Q965W2","nhr-86",236,6,0.0254237288135593,"RB2060_UN_vs_N2",0.152542372881356
"Q20448","ztf-7",916,23,0.0251091703056769,"RB2060_UN_vs_N2",0.577510917030568
"Q23096","tofu-5",40,1,0.025,"RB2060_UN_vs_N2",0.025
"P46505","zip-8",1094,27,0.0246800731261426,"RB2060_UN_vs_N2",0.66636197440585
"P46581","cnd-1",83,2,0.0240963855421687,"RB2060_UN_vs_N2",0.0481927710843374
"Q09534","-",84,2,0.0238095238095238,"RB2060_UN_vs_N2",0.0476190476190476
"Q9N360","-",42,1,0.0238095238095238,"RB2060_UN_vs_N2",0.0238095238095238
"Q45EK2","ceh-60",4137,91,0.0219966159052453,"RB2060_UN_vs_N2",2.00169204737733
"P41936","ceh-22",46,1,0.0217391304347826,"RB2060_UN_vs_N2",0.0217391304347826
"Q9N5H8","-",46,1,0.0217391304347826,"RB2060_UN_vs_N2",0.0217391304347826
"Q9N5D6","unc-62",2341,50,0.0213583938487826,"RB2060_UN_vs_N2",1.06791969243913
"Q22909","ceh-30",94,2,0.0212765957446809,"RB2060_UN_vs_N2",0.0425531914893617
"G5EFY7","pqm-1",4462,94,0.0210667861945316,"RB2060_UN_vs_N2",1.98027790228597
"G5ECG2","fos-1",4528,91,0.0200971731448763,"RB2060_UN_vs_N2",1.82884275618375
"Q10655","elt-2",3333,66,0.0198019801980198,"RB2060_UN_vs_N2",1.30693069306931
"Q22190","sma-9",3394,65,0.0191514437242192,"RB2060_UN_vs_N2",1.24484384207425
"A5JYV4","nhr-129",2251,43,0.0191026210573079,"RB2060_UN_vs_N2",0.821412705464238
"Q17905","nhr-28",4177,79,0.0189130955231027,"RB2060_UN_vs_N2",1.49413454632511
"Q18955","unc-120",53,1,0.0188679245283019,"RB2060_UN_vs_N2",0.0188679245283019
"O02316","nhr-77",3645,67,0.0183813443072702,"RB2060_UN_vs_N2",1.23155006858711
"P34474","hlh-11",1422,26,0.0182841068917018,"RB2060_UN_vs_N2",0.475386779184248
"Q11178","attf-4",55,1,0.0181818181818182,"RB2060_UN_vs_N2",0.0181818181818182
"P41999","nhr-10",334,6,0.0179640718562874,"RB2060_UN_vs_N2",0.107784431137725
"G5ECU7","1-Jun",1918,34,0.0177267987486966,"RB2060_UN_vs_N2",0.602711157455683
"G5ED66","pax-3",63,1,0.0158730158730159,"RB2060_UN_vs_N2",0.0158730158730159
"P34707","skn-1",2839,45,0.0158506516379007,"RB2060_UN_vs_N2",0.71327932370553
"P52906","unc-30",574,9,0.0156794425087108,"RB2060_UN_vs_N2",0.141114982578397
"G5EBF1","sax-3",1962,30,0.0152905198776758,"RB2060_UN_vs_N2",0.458715596330275
"G5EGF8","tlp-1",66,1,0.0151515151515152,"RB2060_UN_vs_N2",0.0151515151515152
"Q21701","nhr-12",132,2,0.0151515151515152,"RB2060_UN_vs_N2",0.0303030303030303
"Q94398","ceh-8",270,4,0.0148148148148148,"RB2060_UN_vs_N2",0.0592592592592593
"G5EG44","mdl-1",2557,37,0.0144700821274932,"RB2060_UN_vs_N2",0.535393038717247
"Q18711","mxl-3",279,4,0.014336917562724,"RB2060_UN_vs_N2",0.0573476702508961
"O16850","daf-16",5919,83,0.0140226389592837,"RB2060_UN_vs_N2",1.16387903362054
"G5EBL3","sdc-2",216,3,0.0138888888888889,"RB2060_UN_vs_N2",0.0416666666666667
"P41829","nhr-6",2483,34,0.013693113169553,"RB2060_UN_vs_N2",0.465565847764801
"Q65ZG8","lin-42",1032,14,0.0135658914728682,"RB2060_UN_vs_N2",0.189922480620155
"Q17381","pha-4",5634,76,0.0134895278665247,"RB2060_UN_vs_N2",1.02520411785588
"Q94407","nhr-48",149,2,0.0134228187919463,"RB2060_UN_vs_N2",0.0268456375838926
"Q21374","-",226,3,0.0132743362831858,"RB2060_UN_vs_N2",0.0398230088495575
"Q65CM0","nhr-76",380,5,0.0131578947368421,"RB2060_UN_vs_N2",0.0657894736842105
"Q23294","nhr-11",1065,14,0.0131455399061033,"RB2060_UN_vs_N2",0.184037558685446
"Q20082","zfp-2",157,2,0.0127388535031847,"RB2060_UN_vs_N2",0.0254777070063694
"Q9XVJ1","nhr-102",236,3,0.0127118644067797,"RB2060_UN_vs_N2",0.038135593220339
"Q9GTD4","nhr-71",2388,30,0.0125628140703518,"RB2060_UN_vs_N2",0.376884422110553
"Q09228","egl-27",1648,20,0.0121359223300971,"RB2060_UN_vs_N2",0.242718446601942
"G5EDT1","lin-35",4459,54,0.0121103386409509,"RB2060_UN_vs_N2",0.653958286611348
"Q21446","lin-14",2897,33,0.0113910942354159,"RB2060_UN_vs_N2",0.375906109768726
"P91868","snpc-4",4493,49,0.0109058535499666,"RB2060_UN_vs_N2",0.534386823948364
"Q09565","nhr-20",1839,20,0.0108754758020663,"RB2060_UN_vs_N2",0.217509516041327
"Q10661","dpy-30",375,4,0.0106666666666667,"RB2060_UN_vs_N2",0.0426666666666667
"Q9N5S3","lsy-2",4272,45,0.0105337078651685,"RB2060_UN_vs_N2",0.474016853932584
"Q17922","sox-4",285,3,0.0105263157894737,"RB2060_UN_vs_N2",0.0315789473684211
"Q9U2M1","dpy-28",675,7,0.0103703703703704,"RB2060_UN_vs_N2",0.0725925925925926
"Q21502","mep-1",3342,34,0.0101735487731897,"RB2060_UN_vs_N2",0.34590065828845
"G5EEG1","nfya-1",4434,45,0.010148849797023,"RB2060_UN_vs_N2",0.456698240866035
"Q9TZI2","ztf-4",609,6,0.00985221674876847,"RB2060_UN_vs_N2",0.0591133004926108
"G5EFJ4","capg-1",308,3,0.00974025974025974,"RB2060_UN_vs_N2",0.0292207792207792
"O17646","-",2778,27,0.00971922246220302,"RB2060_UN_vs_N2",0.262419006479482
"Q09591","mix-1",309,3,0.00970873786407767,"RB2060_UN_vs_N2",0.029126213592233
"Q9XVV3","nhr-67",103,1,0.00970873786407767,"RB2060_UN_vs_N2",0.00970873786407767
"G5EBU4","zag-1",929,9,0.00968783638320775,"RB2060_UN_vs_N2",0.0871905274488698
"P17486","egl-5",1454,14,0.00962861072902338,"RB2060_UN_vs_N2",0.134800550206327
"O16748","ceh-82",3027,29,0.00958044268252395,"RB2060_UN_vs_N2",0.277832837793195
"Q9XVN4","ceh-27",212,2,0.00943396226415094,"RB2060_UN_vs_N2",0.0188679245283019
"G5EE18","ceh-28",1066,10,0.00938086303939963,"RB2060_UN_vs_N2",0.0938086303939963
"P28515","elt-1",1618,15,0.00927070457354759,"RB2060_UN_vs_N2",0.139060568603214
"Q21272","pax-1",108,1,0.00925925925925926,"RB2060_UN_vs_N2",0.00925925925925926
"P34670","snu-23",3781,35,0.00925681036762761,"RB2060_UN_vs_N2",0.323988362866966
"G5ECR9","unc-55",4049,37,0.00913805877994567,"RB2060_UN_vs_N2",0.33810817485799
"P45896","sma-3",1429,13,0.00909727081875437,"RB2060_UN_vs_N2",0.118264520643807
"Q10902","nhr-2",330,3,0.00909090909090909,"RB2060_UN_vs_N2",0.0272727272727273
"Q966B8","nhr-237",551,5,0.00907441016333938,"RB2060_UN_vs_N2",0.0453720508166969
"Q93560","blmp-1",4480,40,0.00892857142857143,"RB2060_UN_vs_N2",0.357142857142857
"Q22703","dpl-1",4646,40,0.0086095566078347,"RB2060_UN_vs_N2",0.344382264313388
"D0VWM8","tdp-1",3020,26,0.00860927152317881,"RB2060_UN_vs_N2",0.223841059602649
"G5EGD2","hif-1",834,7,0.00839328537170264,"RB2060_UN_vs_N2",0.0587529976019185
"G5EFT5","hsf-1",1197,10,0.00835421888053467,"RB2060_UN_vs_N2",0.0835421888053467
"G5EGE9","dpy-26",481,4,0.00831600831600832,"RB2060_UN_vs_N2",0.0332640332640333
"Q22812","ceh-39",365,3,0.00821917808219178,"RB2060_UN_vs_N2",0.0246575342465753
"Q19345","nhr-25",2568,21,0.00817757009345794,"RB2060_UN_vs_N2",0.171728971962617
"G5EFQ5","rnt-1",2823,23,0.00814736096351399,"RB2060_UN_vs_N2",0.187389302160822
"P41828","nhr-23",3483,28,0.00803904679873672,"RB2060_UN_vs_N2",0.225093310364628
"Q23045","egl-13",375,3,0.008,"RB2060_UN_vs_N2",0.024
"G5EF11","efl-1",4282,34,0.00794021485287249,"RB2060_UN_vs_N2",0.269967304997665
"Q21955","mdt-15",1153,9,0.00780572419774501,"RB2060_UN_vs_N2",0.0702515177797051
"O02219","aha-1",899,7,0.00778642936596218,"RB2060_UN_vs_N2",0.0545050055617353
"P34545","cbp-1",1434,11,0.00767085076708508,"RB2060_UN_vs_N2",0.0843793584379358
"Q09441","-",1830,14,0.00765027322404372,"RB2060_UN_vs_N2",0.107103825136612
"Q20818","capg-2",132,1,0.00757575757575758,"RB2060_UN_vs_N2",0.00757575757575758
"O02274","ztf-11",397,3,0.00755667506297229,"RB2060_UN_vs_N2",0.0226700251889169
"P10038","mab-5",3049,23,0.00754345687110528,"RB2060_UN_vs_N2",0.173499508035421
"P34706","sdc-3",930,7,0.00752688172043011,"RB2060_UN_vs_N2",0.0526881720430108
"Q27395","lin-15B",3207,24,0.00748362956033676,"RB2060_UN_vs_N2",0.179607109448082
"Q11094","hlh-8",136,1,0.00735294117647059,"RB2060_UN_vs_N2",0.00735294117647059
"P20154","lin-11",821,6,0.00730816077953715,"RB2060_UN_vs_N2",0.0438489646772229
"O17208","gmeb-1",2638,19,0.00720242608036391,"RB2060_UN_vs_N2",0.136846095526914
"Q18248","dmd-4",140,1,0.00714285714285714,"RB2060_UN_vs_N2",0.00714285714285714
"P34708","tra-1",1968,14,0.00711382113821138,"RB2060_UN_vs_N2",0.0995934959349594
"Q17370","nhr-47",1700,12,0.00705882352941176,"RB2060_UN_vs_N2",0.0847058823529412
"H2L0N7","-",1419,10,0.00704721634954193,"RB2060_UN_vs_N2",0.0704721634954193
"O17514","mes-2",3419,24,0.00701959637320854,"RB2060_UN_vs_N2",0.168470312957005
"Q9U299","xrn-2",1997,14,0.00701051577366049,"RB2060_UN_vs_N2",0.0981472208312469
"G5EDU4","eor-1",1144,8,0.00699300699300699,"RB2060_UN_vs_N2",0.0559440559440559
"O44505","-",1152,8,0.00694444444444444,"RB2060_UN_vs_N2",0.0555555555555556
"Q95Y84","hcp-6",1586,11,0.00693568726355612,"RB2060_UN_vs_N2",0.0762925598991173
"O17593","fkh-10",578,4,0.0069204152249135,"RB2060_UN_vs_N2",0.027681660899654
"Q95PV7","tftc-3",290,2,0.00689655172413793,"RB2060_UN_vs_N2",0.0137931034482759
"Q9U325","mef-2",1163,8,0.00687876182287188,"RB2060_UN_vs_N2",0.0550300945829751
"Q19691","tbx-2",2188,15,0.00685557586837294,"RB2060_UN_vs_N2",0.102833638025594
"G5EFF4","sem-4",1495,10,0.00668896321070234,"RB2060_UN_vs_N2",0.0668896321070234
"P41934","ceh-18",153,1,0.0065359477124183,"RB2060_UN_vs_N2",0.0065359477124183
"P45968","cec-3",153,1,0.0065359477124183,"RB2060_UN_vs_N2",0.0065359477124183
"Q23521","-",309,2,0.00647249190938511,"RB2060_UN_vs_N2",0.0129449838187702
"Q23541","rbr-2",948,6,0.00632911392405063,"RB2060_UN_vs_N2",0.0379746835443038
"G5ECN8","ces-1",2546,16,0.00628436763550668,"RB2060_UN_vs_N2",0.100549882168107
"Q18037","-",955,6,0.00628272251308901,"RB2060_UN_vs_N2",0.037696335078534
"Q11107","lin-13",3036,19,0.00625823451910408,"RB2060_UN_vs_N2",0.118906455862978
"Q95XZ5","pqn-85",480,3,0.00625,"RB2060_UN_vs_N2",0.01875
"Q17694","snpc-1.1",651,4,0.00614439324116743,"RB2060_UN_vs_N2",0.0245775729646697
"P34341","kle-2",2312,14,0.00605536332179931,"RB2060_UN_vs_N2",0.0847750865051903
"Q18299","nhr-43",1337,8,0.00598354525056096,"RB2060_UN_vs_N2",0.0478683620044877
"P13528","unc-86",1170,7,0.00598290598290598,"RB2060_UN_vs_N2",0.0418803418803419
"Q93520","-",2185,13,0.00594965675057208,"RB2060_UN_vs_N2",0.0773455377574371
"P34684","lin-39",2421,14,0.00578273440726972,"RB2060_UN_vs_N2",0.0809582817017761
"B2D6M2","lin-61",520,3,0.00576923076923077,"RB2060_UN_vs_N2",0.0173076923076923
"P17512","mtl-2",890,5,0.00561797752808989,"RB2060_UN_vs_N2",0.0280898876404494
"P91547","duxl-1",891,5,0.00561167227833894,"RB2060_UN_vs_N2",0.0280583613916947
"G5EF71","med-1",183,1,0.00546448087431694,"RB2060_UN_vs_N2",0.00546448087431694
"P34326","ceh-16",1492,8,0.00536193029490617,"RB2060_UN_vs_N2",0.0428954423592493
"O62183","aly-2",564,3,0.00531914893617021,"RB2060_UN_vs_N2",0.0159574468085106
"Q9XUK7","nhr-85",565,3,0.00530973451327434,"RB2060_UN_vs_N2",0.015929203539823
"A8WFJ9","ets-4",189,1,0.00529100529100529,"RB2060_UN_vs_N2",0.00529100529100529
"P90916","lin-53",756,4,0.00529100529100529,"RB2060_UN_vs_N2",0.0211640211640212
"O17025","nhr-90",1137,6,0.00527704485488127,"RB2060_UN_vs_N2",0.0316622691292876
"Q18694","unc-130",1156,6,0.00519031141868512,"RB2060_UN_vs_N2",0.0311418685121107
"Q9XWS3","madf-10",581,3,0.00516351118760757,"RB2060_UN_vs_N2",0.0154905335628227
"G5EC14","epc-1",1795,9,0.00501392757660167,"RB2060_UN_vs_N2",0.045125348189415
"Q19753","-",1209,6,0.00496277915632754,"RB2060_UN_vs_N2",0.0297766749379653
"G5EE07","xbp-1",1619,8,0.00494132180358246,"RB2060_UN_vs_N2",0.0395305744286597
"P32085","tbp-1",632,3,0.00474683544303797,"RB2060_UN_vs_N2",0.0142405063291139
"Q23482","lin-37",2318,11,0.00474547023295945,"RB2060_UN_vs_N2",0.0522001725625539
"O17862","lir-3",1064,5,0.00469924812030075,"RB2060_UN_vs_N2",0.0234962406015038
"Q10120","lin-52",2619,12,0.00458190148911798,"RB2060_UN_vs_N2",0.0549828178694158
"G5EBZ4","let-418",219,1,0.0045662100456621,"RB2060_UN_vs_N2",0.0045662100456621
"P48996","dpy-27",1786,8,0.00447928331466965,"RB2060_UN_vs_N2",0.0358342665173572
"Q95QD7","lin-54",3035,13,0.0042833607907743,"RB2060_UN_vs_N2",0.0556836902800659
"P34522","pros-1",1224,5,0.00408496732026144,"RB2060_UN_vs_N2",0.0204248366013072
"O17617","fkh-4",246,1,0.0040650406504065,"RB2060_UN_vs_N2",0.0040650406504065
"G4SGI5","oef-1",1237,5,0.00404203718674212,"RB2060_UN_vs_N2",0.0202101859337106
"O01683","hmg-3",497,2,0.00402414486921529,"RB2060_UN_vs_N2",0.00804828973843058
"U4PEA1","-",1058,4,0.00378071833648393,"RB2060_UN_vs_N2",0.0151228733459357
"P30630","lin-9",2692,10,0.0037147102526003,"RB2060_UN_vs_N2",0.037147102526003
"Q7JNN6","snpc-1.3",551,2,0.00362976406533575,"RB2060_UN_vs_N2",0.00725952813067151
"O02273","lsl-1",565,2,0.00353982300884956,"RB2060_UN_vs_N2",0.00707964601769911
"Q22093","tftc-5",284,1,0.00352112676056338,"RB2060_UN_vs_N2",0.00352112676056338
"Q22910","ceh-31",304,1,0.00328947368421053,"RB2060_UN_vs_N2",0.00328947368421053
"Q22092","snpc-3.4",315,1,0.00317460317460317,"RB2060_UN_vs_N2",0.00317460317460317
"O02169","-",317,1,0.00315457413249211,"RB2060_UN_vs_N2",0.00315457413249211
"Q93246","dsc-1",963,3,0.00311526479750779,"RB2060_UN_vs_N2",0.00934579439252336
"O44743","let-607",339,1,0.00294985250737463,"RB2060_UN_vs_N2",0.00294985250737463
"Q9GZC9","-",370,1,0.0027027027027027,"RB2060_UN_vs_N2",0.0027027027027027
"Q93348","irx-1",405,1,0.00246913580246914,"RB2060_UN_vs_N2",0.00246913580246914
"B9ZSG9","ztf-18",413,1,0.00242130750605327,"RB2060_UN_vs_N2",0.00242130750605327
"O45134","xnd-1",867,2,0.00230680507497117,"RB2060_UN_vs_N2",0.00461361014994233
"A0A131MCL4","die-1",37,0,0,"RB2060_UN_vs_N2",0
"A7DTF0","mrg-1",17,0,0,"RB2060_UN_vs_N2",0
"B2D6P4","tlf-1",98,0,0,"RB2060_UN_vs_N2",0
"G5ECT8","ceh-2",145,0,0,"RB2060_UN_vs_N2",0
"G5EDE0","-",1,0,0,"RB2060_UN_vs_N2",0
"G5EDE1","pag-3",101,0,0,"RB2060_UN_vs_N2",0
"G5EE86","ttx-3",19,0,0,"RB2060_UN_vs_N2",0
"G5EEH5","mxl-1",3,0,0,"RB2060_UN_vs_N2",0
"G5EEL9","hmg-11",111,0,0,"RB2060_UN_vs_N2",0
"G5EGN8","nhr-27",1,0,0,"RB2060_UN_vs_N2",0
"H2KYD3","-",1,0,0,"RB2060_UN_vs_N2",0
"H2L008","ztf-16",26,0,0,"RB2060_UN_vs_N2",0
"O01441","-",157,0,0,"RB2060_UN_vs_N2",0
"O01519","ets-7",30,0,0,"RB2060_UN_vs_N2",0
"O01789","him-1",88,0,0,"RB2060_UN_vs_N2",0
"O01819","tofu-4",15,0,0,"RB2060_UN_vs_N2",0
"O01996","eyg-1",40,0,0,"RB2060_UN_vs_N2",0
"O02224","ceh-79",3,0,0,"RB2060_UN_vs_N2",0
"O16749","ceh-83",3,0,0,"RB2060_UN_vs_N2",0
"O17828","prde-1",19,0,0,"RB2060_UN_vs_N2",0
"O18065","zim-3",20,0,0,"RB2060_UN_vs_N2",0
"O18214","mab-3",2,0,0,"RB2060_UN_vs_N2",0
"O44131","-",177,0,0,"RB2060_UN_vs_N2",0
"O44498","set-9",10,0,0,"RB2060_UN_vs_N2",0
"O44637","nhr-179",1,0,0,"RB2060_UN_vs_N2",0
"O44712","ahr-1",28,0,0,"RB2060_UN_vs_N2",0
"O45080","ceh-48",168,0,0,"RB2060_UN_vs_N2",0
"O45103","snai-1",4,0,0,"RB2060_UN_vs_N2",0
"O45521","nhr-111",2,0,0,"RB2060_UN_vs_N2",0
"O62412","nhr-232",34,0,0,"RB2060_UN_vs_N2",0
"O76561","-",36,0,0,"RB2060_UN_vs_N2",0
"P09088","mec-3",13,0,0,"RB2060_UN_vs_N2",0
"P17488","ceh-13",6,0,0,"RB2060_UN_vs_N2",0
"P20268","ceh-6",32,0,0,"RB2060_UN_vs_N2",0
"P20271","ceh-14",76,0,0,"RB2060_UN_vs_N2",0
"P22980","hlh-1",3,0,0,"RB2060_UN_vs_N2",0
"P26797","ceh-19",16,0,0,"RB2060_UN_vs_N2",0
"P34333","gei-8",3,0,0,"RB2060_UN_vs_N2",0
"P34555","hlh-4",8,0,0,"RB2060_UN_vs_N2",0
"P41846","mml-1",54,0,0,"RB2060_UN_vs_N2",0
"P41848","hmg-4",15,0,0,"RB2060_UN_vs_N2",0
"P41935","ceh-10",7,0,0,"RB2060_UN_vs_N2",0
"P56407","ceh-9",9,0,0,"RB2060_UN_vs_N2",0
"Q09477","dpff-1",1,0,0,"RB2060_UN_vs_N2",0
"Q09555","daf-19",23,0,0,"RB2060_UN_vs_N2",0
"Q09604","vab-15",24,0,0,"RB2060_UN_vs_N2",0
"Q10007","hlh-6",17,0,0,"RB2060_UN_vs_N2",0
"Q10574","lin-32",35,0,0,"RB2060_UN_vs_N2",0
"Q10666","pop-1",23,0,0,"RB2060_UN_vs_N2",0
"Q10924","fkh-6",21,0,0,"RB2060_UN_vs_N2",0
"Q10938","-",4,0,0,"RB2060_UN_vs_N2",0
"Q17768","spr-3",23,0,0,"RB2060_UN_vs_N2",0
"Q18273","ceh-43",1,0,0,"RB2060_UN_vs_N2",0
"Q18277","hlh-12",3,0,0,"RB2060_UN_vs_N2",0
"Q18419","-",8,0,0,"RB2060_UN_vs_N2",0
"Q18508","mel-28",7,0,0,"RB2060_UN_vs_N2",0
"Q18512","-",8,0,0,"RB2060_UN_vs_N2",0
"Q18533","mls-2",8,0,0,"RB2060_UN_vs_N2",0
"Q18590","hlh-15",8,0,0,"RB2060_UN_vs_N2",0
"Q18605","athp-1",20,0,0,"RB2060_UN_vs_N2",0
"Q18612","hnd-1",21,0,0,"RB2060_UN_vs_N2",0
"Q18919","spr-1",97,0,0,"RB2060_UN_vs_N2",0
"Q19306","-",1,0,0,"RB2060_UN_vs_N2",0
"Q19335","repo-1",26,0,0,"RB2060_UN_vs_N2",0
"Q19723","-",112,0,0,"RB2060_UN_vs_N2",0
"Q19787","bed-3",9,0,0,"RB2060_UN_vs_N2",0
"Q20561","hlh-13",19,0,0,"RB2060_UN_vs_N2",0
"Q20709","tra-4",5,0,0,"RB2060_UN_vs_N2",0
"Q21192","lim-6",36,0,0,"RB2060_UN_vs_N2",0
"Q21361","atf-2",1,0,0,"RB2060_UN_vs_N2",0
"Q21494","-",25,0,0,"RB2060_UN_vs_N2",0
"Q21578","pha-2",4,0,0,"RB2060_UN_vs_N2",0
"Q21836","alr-1",12,0,0,"RB2060_UN_vs_N2",0
"Q22173","attf-5",143,0,0,"RB2060_UN_vs_N2",0
"Q22289","tbx-9",3,0,0,"RB2060_UN_vs_N2",0
"Q22292","tbx-8",11,0,0,"RB2060_UN_vs_N2",0
"Q22696","-",6,0,0,"RB2060_UN_vs_N2",0
"Q22798","-",5,0,0,"RB2060_UN_vs_N2",0
"Q22829","pat-9",7,0,0,"RB2060_UN_vs_N2",0
"Q23272","atfs-1",11,0,0,"RB2060_UN_vs_N2",0
"Q27511","htz-1",3,0,0,"RB2060_UN_vs_N2",0
"Q69YW8","ceh-90",289,0,0,"RB2060_UN_vs_N2",0
"Q7YWZ7","-",10,0,0,"RB2060_UN_vs_N2",0
"Q8T3B9","sem-2",7,0,0,"RB2060_UN_vs_N2",0
"Q93352","ceh-36",43,0,0,"RB2060_UN_vs_N2",0
"Q93705","unc-3",16,0,0,"RB2060_UN_vs_N2",0
"Q93727","sptf-1",29,0,0,"RB2060_UN_vs_N2",0
"Q93779","gmeb-2",20,0,0,"RB2060_UN_vs_N2",0
"Q94126","ces-2",1,0,0,"RB2060_UN_vs_N2",0
"Q94165","ceh-34",86,0,0,"RB2060_UN_vs_N2",0
"Q95PX3","tbx-7",115,0,0,"RB2060_UN_vs_N2",0
"Q95QI7","daf-3",1,0,0,"RB2060_UN_vs_N2",0
"Q965P0","-",17,0,0,"RB2060_UN_vs_N2",0
"Q966L3","akir-1",11,0,0,"RB2060_UN_vs_N2",0
"Q966L8","che-1",8,0,0,"RB2060_UN_vs_N2",0
"Q9BIB8","imb-1",18,0,0,"RB2060_UN_vs_N2",0
"Q9BLC4","sdz-12",8,0,0,"RB2060_UN_vs_N2",0
"Q9NAG7","ztf-22",5,0,0,"RB2060_UN_vs_N2",0
"Q9NH52","mes-4",2,0,0,"RB2060_UN_vs_N2",0
"Q9U263","set-26",236,0,0,"RB2060_UN_vs_N2",0
"Q9U2V2","-",17,0,0,"RB2060_UN_vs_N2",0
"Q9XTB5","lem-2",20,0,0,"RB2060_UN_vs_N2",0
"Q9XUB3","rec-8",47,0,0,"RB2060_UN_vs_N2",0
"Q9XV35","madf-2",30,0,0,"RB2060_UN_vs_N2",0
"Q9XWL0","-",17,0,0,"RB2060_UN_vs_N2",0
